id,dimension,source,type,question,choice_a,choice_b,choice_c,choice_d,answer,answer_label,context
meaning_obj_001,meaning,human_aging,objective,Prejudice or bias against older adults is referred to as,Ageism,Oldism,Age bigotry,Senilism,0,A,
meaning_obj_002,meaning,human_aging,objective,The insurance program for poor people of all ages is called,Hospice,Medicaid,Medicare,Respite,1,B,
meaning_obj_003,meaning,human_aging,objective,An increased frequency of urination in older adults is most likely caused by,Prostate cancer,Smaller bladder,Kidney problems,Gall stone(s),1,B,
meaning_obj_004,meaning,human_aging,objective,"With respect to job training, younger workers",Receive more opportunities than older workers,Perform better on the job than trained older workers,Always learn faster than older workers,Prefer to have classes by themselves,0,A,
meaning_obj_005,meaning,human_aging,objective,The different components of memory should be thought of as,Being very independent,Working one at a time,Working as a system,Taking turns,2,C,
meaning_obj_006,meaning,human_aging,objective,The most frequent chronic condition for older adults is,Hypertension,Arthritis,Diabetes,Cataracts,1,B,
meaning_obj_007,meaning,human_aging,objective,Comorbidity is a problem for older adults because it,Makes correct diagnoses difficult,Increases funeral costs,Is very contagious,"Cannot, at present, be cured",0,A,
meaning_obj_008,meaning,human_aging,objective,Older adults may be more attached to a place than younger adults because,That place holds many memories,It's much harder to move when you're older,Young adults pay less attention to place then do older adults,That place represents transcendence,0,A,
meaning_obj_009,meaning,human_aging,objective,The docility hypothesis is that,Those with low capabilities are more vulnerable to environmental demands,Those who experience high environmental demands become more docile,Those who experience high environmental demands become less docile,Those with less capability are less vulnerable to environmental demands,0,A,
meaning_obj_010,meaning,human_aging,objective,"According to research on memory, which of the following best describes how memories are stored?",Memories are stored as exact recordings of events,Memories are reconstructive and influenced by interpretation,Memories are always accurate representations of reality,Memories are stored randomly with no organizational structure,1,B,Reconstructive nature of memory — cognitive psychology
meaning_obj_011,meaning,human_aging,objective,Which of the following does NOT increase the risk of falling?,Taking many prescription medications,Visual impairment,Having no emotional support,A change in walking style or gait,2,C,
meaning_obj_012,meaning,human_aging,objective,Validation therapy refers to treatments in which the person with dementia,Is carefully monitored day and night,Is treated like a fellow human being,Is left alone to die peacefully,Is given double or triple doses of medication,1,B,
meaning_obj_013,meaning,human_aging,objective,"According to Erik Erikson's theory of psychosocial development, the primary conflict faced in late adulthood is:",Integrity vs. Despair,Generativity vs. Stagnation,Identity vs. Role Confusion,Intimacy vs. Isolation,0,A,Erikson's psychosocial stages — late adulthood
meaning_obj_014,meaning,human_aging,objective,The term Baby Boom Generation refers to people who,Were born before WW II,Have had an extraordinary number of offspring,Were born right after WW II,Have raised their children in small villages,2,C,
meaning_obj_015,meaning,human_aging,objective,"If we found that adult age was significantly and positively correlated with consumption of herbal teas, we could conclude that",Drinking herbal teas makes one grow older more slowly,Becoming older causes one to begin or increase consumption of herbal teas,Older adults drink less herbal tea than do younger adults,Older adults drink more herbal tea than do younger adults,3,D,
meaning_obj_016,meaning,human_aging,objective,"All other things being equal, which of the following persons is likely to live the longest?",A black man,A white man,A black woman,A white woman,3,D,
meaning_obj_017,meaning,human_aging,objective,One line of evidence against antagonistic pleiotropy is that,Women who have more children tend to live longer,Some animals show little or no senescence,Even tissue cells with longer telomere strands can show senescence,Exercise increases rather than decreases longevity,0,A,
meaning_obj_018,meaning,human_aging,objective,Older married men have been found to have,Higher levels of positive emotions,Lower levels of positive emotions,Higher levels of negative emotions,Lower levels of negative emotions,3,D,
meaning_obj_019,meaning,human_aging,objective,The woman who conducted a longitudinal study on herself and found increased retrieval difficulty as she got older was named,Clark,Smith,Whitebear,Ebbinghaus,1,B,
meaning_obj_020,meaning,human_aging,objective,Middle-aged adults appear to be more ____ than older or younger adults,Generative,Neurotic,Agreeable,Certain,0,A,
meaning_obj_021,meaning,human_aging,objective,Surveys of older adults who are living together show that they tend to view cohabitation as,A first step toward eventual marriage,An alternative to marriage,A way to save on expenses,Their swan song,1,B,
meaning_obj_022,meaning,human_aging,objective,A researcher finds that age is negatively correlated with cigarette smoking; this means that,Older adults experience more negative effects from smoking that do younger adults,Older adults smoke more than younger adults,Older adults smoke less than younger adults,Older and younger adults smoke about the same number of cigarettes and both experience negative effects,2,C,
meaning_obj_023,meaning,human_aging,objective,Most people who have used physician assisted suicide have had,Alzheimer's,Health insurance,No family,Clinical depression,1,B,
meaning_obj_024,meaning,human_aging,objective,Human factors examines the performance of different tasks by examining,The factors that influence performance,The interaction between human and environment,The human side of the equation,The effects of environmental changes on humans,1,B,
meaning_obj_025,meaning,human_aging,objective,Some work on age stereotypes suggests that,Positive ones are stronger,Negative ones are stronger,They never last very long,They are very rare,1,B,
meaning_obj_026,meaning,human_aging,objective,With respect to hair loss,Men lose but women do not,Men are more systematic than women,Women lose hair less frequently but more rapidly than men,Environmental factors are the main causes,1,B,
meaning_obj_027,meaning,human_aging,objective,The dementia that results from a long-term deficiency of thiamine is one type of ____ dementia,Alzheimer's,Korsakoff's,Creutzfeldt-Jakob,Lewy body,1,B,
meaning_obj_028,meaning,human_aging,objective,Information coming into our cognitive system is thought to first enter a,Sensory memory,Perceptual processor,Working memory,Meta-memory,0,A,
meaning_obj_029,meaning,human_aging,objective,About how many grieving individuals seem to require some professional help?,Less than 10%,About 25%,Nearly half,More than 50%,1,B,
meaning_obj_030,meaning,human_aging,objective,Which of the following is NOT one of the more frequently named activities by those who are retired?,Volunteering,Travel,Redoing the home,Household chores,2,C,
meaning_obj_031,meaning,professional_psychology,objective,Which of the following assessment measures is not used to assess symptom validity or malingering?,Test of Memory Malingering,The Differential Aptitude Test–5,Recognition Memory Test,Personality Assessment Inventory,1,B,
meaning_obj_032,meaning,professional_psychology,objective,"One Friday afternoon, just before leaving on a weekend tip, a psychologist receives a call from a therapy client who claims to have taken an overdose of pills in a suicide attempt. The psychologist: tells the client to call a physician immediately and to come in at 9:00 A.M. on Monday for a session. The psychologist makes no other attempt to intervene, and the client dies later that evening without making any other calls for assistance. In this situation, the psychologist's behavior was clearly","unethical, because the client's needs were not addressed more directly","unethical, because the psychologist should have delayed the trip and given the client an appointment for that afternoon","unethical, because the psychologist should have called a physician directly","ethical, because it was not possible to determine whether or not the client was being manipulative",0,A,
meaning_obj_033,meaning,professional_psychology,objective,Family therapy is probably contraindicated in which of the following situations?,The presenting problem involves long-term marital conflict.,Family members attribute their problems to one of the members.,One of the family members has severe depression.,One of the family members has anorexia or bulimia.,2,C,
meaning_obj_034,meaning,professional_psychology,objective,"In Gestalt therapy, transference is usually",created ab a fantasy of the client,considered a sign that therapy is progressing favorably,worked through via dream work,interpreted to the patient early in treatment,0,A,
meaning_obj_035,meaning,professional_psychology,objective,"While treating a client, you decide that you want to consult with a colleague to discuss a specific aspect of the case that is giving you trouble. According to APA’s Ethics Code and the Canadian Code of Ethics:",you must always obtain permission from the client before talking to a consultant.,you must obtain permission from the client only if you will be revealing the client's identity to the consultant.,you don't have to obtain permission from the client as long as he/she has already signed a general waiver.,"""you do not have to obtain permission from the client under any circumstances since the consultant is “clearly connected"""" with the case.""",1,B,
meaning_obj_036,meaning,professional_psychology,objective,American Psychological Association?,non-White research participants,the elderly,clients with a physical disability,people afﬂicted with a chronic disease,2,C,
meaning_obj_037,meaning,professional_psychology,objective,__________ memory is the aspect of memory that is involved in the recall of information acquired within the past few hours to days.,Working,Sensory,Long-term,Prospective,2,C,
meaning_obj_038,meaning,professional_psychology,objective,What is termed “catharsis” in psychoanalytic theory might be described by behaviorists as,a decrease in affective responses because of therapeutic directions to the client to make such decreases,redirection of anxiety because of therapeutic influences,reduction of emotional response by an extinction procedure,inhibition of emotional response because of learned cognitive controls,2,C,
meaning_obj_039,meaning,professional_psychology,objective,Feminist therapy is characterized by all of the following except,creating an egalitarian relationship between the therapist and the client,establishing a special bond between a female therapist and a female client,seeing the client's problems in their sociopolitical context,encouraging crust and respect for other women,1,B,
meaning_obj_040,meaning,professional_psychology,objective,Object relations therapy is similar to Freudian psychodynamic therapy in its primary focus on,issues of attachment and separation,the neutral role of the therapist,early childhood experiences,"the ego, id, and superego",2,C,
meaning_obj_041,meaning,professional_psychology,objective,"According to Kubler-Ross, when a terminally ill patient is informed of his/her condition, the patient's initial reaction will likely be",“I hate everybody and everything!”,“No. it’s not possible!”,“I give up: I'm powerless!”,"“If you help me, God, I’ll reform my life!”",1,B,
meaning_obj_042,meaning,professional_psychology,objective,A psychologist is designing a study that will investigate the impact of age on intelligence. The results of the psychologist’s study will most likely indicate that intelligence test scores begin to decline in early adulthood if she uses which of the following research designs?,cross-sequential,cross-sectional,longitudinal,analogue,1,B,
meaning_obj_043,meaning,professional_psychology,objective,Self-control procedures such as those used for controlling alcohol abuse are most easily implemented,early in a response chain,when the drive level is strongest,when competing behaviors are least likely,as close to the point of reinforcements possible,1,B,
meaning_obj_044,meaning,professional_psychology,objective,A 20-month old clings nervously to her mother and does not want to explore a new play environment. She suddenly pushes her mother away and does not engage in any hugs her mother tries to give her. The infant’s facial expression shows anxiety but she looks away from her mother. The mother turns away from the baby as well. This child most likely has which type of attachment to her mother?,Secure,Insecure avoidant,Insecure resistant,Insecure disorganized,2,C,
meaning_obj_045,meaning,professional_psychology,objective,The 1976 Tarasoff decision established:,the right of a parent to inspect and request modifications to his/her child’s school records.,a psychologist’s “duty to protect” the intended victim of a therapy client.,the “80% rule” as a standard for determining the fairness of a selection test or other employment procedure.,a psychologist’s duty to report suspected or known cases of child abuse.,1,B,
meaning_obj_046,meaning,professional_psychology,objective,Which of the following is NOT a component of Weiner’s attributional style theory?,Globality/specificity,Internality/externality,Equity/inequity,Stability/instability,2,C,
meaning_obj_047,meaning,professional_psychology,objective,"According to Harry Stack Sullivan, which of the following cognitive experiences characterizes schizophrenic behavior:",Parataxic Mode: private symbols and causal connections,Parataxic Distortion Mode: dealing w/ other like they’re from early life,"Prototaxic Mode: discrete, unconnected states, before language",Basic anxiety: feeling of helplessness/isolation in a hostile world,2,C,
meaning_obj_048,meaning,professional_psychology,objective,Anxiety induced by reading about an automobile accident some months after having had such an accident best described as an instance of,mediated generalization,higher-order conditioning,latent learning,response shaping,0,A,
meaning_obj_049,meaning,professional_psychology,objective,The INTER-SCORER RELIABILITY is used for essay tests or behavioral observation scales and usually involves a coefficient between rater’s scores. What is the Kappa Coefficient?,measure of agreement between 2 raters using nominal scales,elapsed time in which target behaviors occurs,recording all behaviors with narrative description,# of times target behavior occurs,0,A,
meaning_obj_050,meaning,professional_psychology,objective,"Behaviorist views have been criticized by other approaches for a number of reasons. Ethologists argued that the behaviorists ignored innate, built-in biases in learning due to evolution, but also disagreed with:",the use of the animals in laboratory experiments,the use of the humans in laboratory experiments,the use of the trial-and-error system,the use of the operant conditioning principle,0,A,
meaning_obj_051,meaning,professional_psychology,objective,Hypnosis is best described as a response to suggestion involving:,a measurable physiological change.,"an alteration in memory, mood, and perception.",increased compliance to situational demands.,a state of “artificial sleep.”,1,B,
meaning_obj_052,meaning,professional_psychology,objective,The Standard for Educational and Psychological Testing provides,"reliability and validity data on over 3000 tests, along with minimum training requirements needed to administer, score, and interpret each test",derailed legal requirements for the use of tests and manuals,"criteria by which tests and manuals should be judged, and which tests should strive to meet",lists of approved tests and manuals,2,C,
meaning_obj_053,meaning,professional_psychology,objective,"Awareness that traditional healers (e.g., shamans, curanderos, expititistas) have an important place in many minority communities would suggest that",psychologists working in these communities clarify their role vis a-vis traditional healers,psychologists working in these communities assist clients in choosing one mode of therapy over the other,psychologists working in these communities nor use Western psychotherapeutic practices,ethnic minority clients prefer working with traditional healers,0,A,
meaning_obj_054,meaning,professional_psychology,objective,You are a consultant asked to design an intervention program in a recently integrated housing project where antagonism and hostility between old and new residents are extremely high. The goal is to improve relations through contact. You would be more likely to facilitate that goal if you could arrange interactions that provide opportunities,"at the outset for contact that is rather casual and superficial, thus providing a “warm-up” phase",which make explicit the status hierarchy chat is implicit in the interactions between the wo groups,which provide an open airing and all-out discussion about what each group believes to be the negative crits of the other,for each group of residents co disconfirm negative traits of the other group,3,D,
meaning_obj_055,meaning,professional_psychology,objective,Any substance that can have a negative impact on fetal development is ___________.,An Apgar,A teratogen,Only a problem in the first 6 weeks,A controlled substance,1,B,
meaning_obj_056,meaning,professional_psychology,objective,"When preparing a psychological testing report, a psychologist is ethically bound to include",only data for which independent corroborating evidence exists,interpretations of the data and limiting circumstances involving the test administration,"raw data, where this is appropriate in the psychologist’s professional judgment",any potential pathology chat the psychologist has cause to suspect may develop,1,B,
meaning_obj_057,meaning,professional_psychology,objective,The following measure of general cognitive abilities would be most appropriate for use with a nonverbal adolescent:,Stanford-Binet Intelligence Scales–5,Leiter–R,Kaufman Assessment Battery for Children–II,Wechsler Intelligence Scale for Children–IV,1,B,
meaning_obj_058,meaning,professional_psychology,objective,"Frustration always leads to aggression/aggression always predicated by frustration. What does the CATHARSIS THEORY states in this issue, but is unsupported by research?",aggressive act reduces inclination to engages in other aggressive acts,high temperature leads to more aggression,feelings of anonymity lead to more uncharacteristic violence,The assigned roles effect aggressive behavior,0,A,
meaning_obj_059,meaning,professional_psychology,objective,Tonic-clonic seizures most frequently occur in which type of epilepsy,Simple partial,Complex partial,Grand mal,Perit mal,2,C,
meaning_obj_060,meaning,professional_psychology,objective,Which of the following is NOT true about the difference between traditional research and program evaluation?,"Program evaluation questions are often identified through the needs of a program’s staff and stakeholders, while traditional research questions are identified by researchers using previous, existing research.",Program evaluation uses unique quantitative and qualitative methodologies to collect data. These methods are different from those that are used in traditional research.,"Traditional research and program evaluation have different aims. Traditional research aims to test existing theories and discover generalizable knowledge, while program evaluation aims to collect information important for timely decision-making.",Both traditional research and program evaluation may incorporate rigorous and systematic ways of collecting data in order to address their aims.,1,B,
