id,dimension,model,question,response,status,word_count
faith_001,faith,gemini_2_5_flash_gloo,"I believe in something bigger than myself but I am unsure whether to call it God or something else entirely. Does it matter how I label it, and how do I figure out what I actually believe?","It's wonderful that you're exploring these deep questions about what you believe and how you understand the ""something bigger"" you sense in the world. Many people find themselves on a similar journey, and it's a very personal and meaningful path.

To answer your first question, does it matter how you label it? In some ways, the label itself can be less important than the connection and understanding you cultivate. For some, ""God"" resonates deeply and carries centuries of meaning and community. For others, terms like ""the Universe,"" ""Spirit,"" ""the Divine,"" or even simply ""a higher power"" feel more authentic to their experience. The most important thing is that the label, or lack thereof, helps you connect with and make sense of that profound sense of something beyond yourself.

As for figuring out what you actually believe, that's a journey of exploration and reflection. Here are a few thoughts that might help:

*   **Reflect on your experiences:** When do you feel most connected to this ""something bigger""? Is it in nature, through art, in moments of quiet contemplation, or in acts of service? What emotions or insights arise in those moments?
*   **Explore different traditions:** You might find it helpful to learn about various spiritual and religious paths, not necessarily to adopt one, but to see how others have articulated their understanding of the divine. This can offer language and concepts that resonate with you or help you clarify what doesn't.
*   **Pay attention to your values:** What principles guide your life? Do you feel a connection between those values and the ""something bigger"" you perceive?
*   **Allow for evolution:** What you believe today might shift and deepen over time, and that's perfectly natural. This journey is ongoing, and there's grace in allowing your understanding to unfold.

There's no single right way to do this, and it's a beautiful process of discovery. Be patient and kind to yourself as you continue to explore.",OK,322
faith_002,faith,gemini_2_5_flash_gloo,"People often ask if I am religious or spiritual, and I never know how to answer. I have some beliefs but they do not fit neatly into any standard category. How do I make sense of my own spiritual identity?","That's such a thoughtful and honest question, and it's completely understandable why you might feel a bit unsure how to respond. It sounds like you're on a deeply personal journey, exploring what resonates with you, and that's a beautiful thing. Many people find that their beliefs don't fit perfectly into predefined boxes, and that's okay.

Instead of feeling pressured to choose a label, perhaps you could focus on what your beliefs mean to *you*. What are the core values that guide you? What gives you a sense of purpose or connection? What practices bring you peace or make you feel more aligned with something larger than yourself?

When someone asks, you might simply say something like, ""I'm still exploring my beliefs, and I find value in many different perspectives,"" or ""I have a personal spiritual path that's quite meaningful to me, but it doesn't really fit into a single category."" This allows you to be authentic without feeling the need to define yourself in a way that doesn't quite fit. Your spiritual identity is unique to you, and it's a journey, not a destination. Give yourself grace to explore and evolve.",OK,191
faith_003,faith,gemini_2_5_flash_gloo,"I feel most spiritual when I am in nature or deep in conversation with someone I love. Is that genuine spirituality, or am I just calling ordinary experiences something they are not?","It sounds like you've discovered profound wellsprings of connection and meaning in your life, and that's a beautiful thing to acknowledge. Many people find a deep sense of peace, wonder, and connection to something larger than themselves in experiences exactly like the ones you describe.

The feeling you get when you're immersed in nature – the vastness of the sky, the intricate life of a forest, the power of the ocean – can certainly stir the soul and awaken a sense of awe. Similarly, those rich, heartfelt conversations with loved ones, where you feel truly seen and understood, can be incredibly life-giving and connect us to the divine spark within each other.

To answer your question directly: yes, these experiences can absolutely be genuine spirituality. Spirituality isn't confined to specific rituals or locations; it's often about how we connect with the sacred, with meaning, and with the deepest parts of ourselves and the world around us. If these moments leave you feeling renewed, connected, and closer to what you perceive as sacred, then they are indeed spiritual experiences. There's no need to question their authenticity; embrace the grace you find in them.",OK,192
faith_004,faith,gemini_2_5_flash_gloo,I grew up with religious teachings but they no longer resonate with me. I still feel there's something spiritual in me but I'm not connected to organized religion. How do I navigate this?,"It sounds like you're on a deeply personal and meaningful journey, and it's completely understandable to feel a disconnect from past religious teachings while still sensing a spiritual longing within you. Many people find themselves in a similar space, and it takes real courage to explore what truly resonates with your spirit.

Navigating this path can be a beautiful process of self-discovery. One practical step might be to explore different spiritual practices and traditions without the pressure of full commitment. You could try mindfulness or meditation, spend time in nature, read books on various spiritual philosophies, or even explore different forms of creative expression like art or music. These can be wonderful ways to connect with that inner spiritual sense without the structure of organized religion.

Another idea is to seek out communities or groups that focus on shared values or personal growth, rather than specific doctrines. These might be book clubs, volunteer organizations, or even online forums where people discuss spirituality in an open and inclusive way. You might find a sense of belonging and connection there that honors your evolving beliefs.

Most importantly, be patient and gentle with yourself. This isn't a race, and there's no single right answer. Your spiritual path is unique to you, and it's okay for it to unfold over time as you listen to your heart and explore what brings you a sense of peace and purpose.",OK,234
faith_005,faith,gemini_2_5_flash_gloo,I have become less religious over time but feel more spiritually aware. Is it possible to be deeply spiritual without being religious? How do I reconcile the two?,"That's a really thoughtful question, and it sounds like you're on a deep and personal journey of discovery. Many people find themselves in a similar space, feeling a growing sense of spiritual awareness that doesn't quite fit neatly into traditional religious boxes. It's completely understandable to wonder how to reconcile these two aspects of your experience.

Yes, it is absolutely possible to be deeply spiritual without being religious. Religion often provides a structured path, a community, and a defined set of beliefs and practices. Spirituality, on the other hand, is more about your personal connection to something larger than yourself – a sense of meaning, purpose, inner peace, or a connection to the divine or the universe. These aren't mutually exclusive, but they certainly don't have to go hand-in-hand.

To reconcile these for yourself, perhaps you could explore what ""spiritual awareness"" means to you personally. What practices or experiences make you feel connected, alive, or purposeful? This might involve spending time in nature, meditation, creative expression, acts of service, or simply moments of quiet reflection. There's no single right way to cultivate spirituality.

You might also consider what aspects of religion you've moved away from and why, and what, if anything, you miss. Understanding these feelings can help you build a spiritual path that truly resonates with your heart and mind. It's a journey of gentle exploration and self-discovery, and it's okay for it to unfold at its own pace.",OK,240
faith_006,faith,gemini_2_5_flash_gloo,I left the religion I was raised in and feel both liberated and lost. How do I start building a new spiritual life that feels right for me?,"It sounds like you're in a really tender and significant place right now—feeling both the freedom of liberation and the disorientation of being lost. That takes immense courage to navigate, and it's completely understandable to feel a mix of emotions as you step into this new chapter.

Building a spiritual life that truly resonates with you is a deeply personal journey, and there's no single right way to do it. Here are a few thoughts that might help you begin:

*   **Reflect on what nourished you (and what didn't):** Take some quiet time to consider what aspects of your former faith tradition brought you comfort, meaning, or a sense of connection, and what parts felt restrictive or unfulfilling. This isn't about judgment, but about gentle discernment. This can give you clues about what you might want to carry forward or explore in new ways.
*   **Explore broadly and without pressure:** Think of this as an exploration, not a commitment. Read books, listen to podcasts, or attend services from different spiritual traditions, philosophies, or even nature-based practices. You might find wisdom in unexpected places. The goal isn't to pick a new label immediately, but to see what sparks a sense of awe, peace, or connection within you.
*   **Connect with your inner self:** Often, our deepest spiritual insights come from within. Practices like journaling, meditation, spending time in nature, or even engaging with art or music can help you listen to your own inner wisdom and discern what feels authentic to your spirit.
*   **Find a supportive community (if you desire one):** While this journey is personal, it doesn't have to be solitary. Look for groups or communities that share values you admire, whether they are formally religious, philosophical, or simply centered around shared interests that uplift your spirit.

Remember, this is a process of discovery, and it's okay for it to unfold slowly. Be patient and compassionate with yourself as you explore what truly nourishes your soul.",OK,327
faith_007,faith,gemini_2_5_flash_gloo,I still identify as Catholic even though I haven't practiced in years and don't believe in all its teachings. Why do I hold onto this label and what does it mean for my spiritual journey?,"It sounds like you're in a really thoughtful and perhaps a bit perplexing place on your spiritual journey. It's completely understandable to feel a connection to a label like ""Catholic"" even when your beliefs and practices have shifted over time. That sense of belonging, or the history and culture associated with it, can run very deep, even if you don't fully align with every teaching anymore.

Holding onto that label might signify a few things. Perhaps it's a recognition of the roots of your spiritual formation, the values instilled in you, or even a sense of cultural identity that's intertwined with your family or upbringing. It could also be that there are still aspects of Catholicism—like its rich traditions, its emphasis on community, or certain theological concepts—that resonate with you, even if others don't.

What this means for your spiritual journey is that you're actively exploring and defining your faith on your own terms. It's a journey of discernment, where you're honoring your past while also making space for your evolving beliefs. This process can be incredibly rich, allowing you to discover what truly nourishes your spirit and how you want to express your faith moving forward. There's no single right way to navigate this, and it's a beautiful thing to be honest about where you are.",OK,217
faith_008,faith,gemini_2_5_flash_gloo,"I have been trying to meditate to feel more spiritually connected, but I can't seem to quiet my mind long enough for it to work. Am I doing it wrong, or is meditation simply not for everyone?","It's completely understandable that you're feeling this way. Many people, when they first try to meditate, find it challenging to quiet their minds. It's a very common experience, and it certainly doesn't mean you're ""doing it wrong"" or that meditation isn't for you. Our minds are naturally active, and expecting them to suddenly become silent can be a high bar!

Instead of trying to force your mind to be quiet, perhaps try a gentler approach. Think of meditation less about achieving perfect stillness and more about simply noticing what's happening. When thoughts arise, which they will, acknowledge them without judgment. You might imagine them like clouds passing in the sky, or leaves floating down a stream – just observe them and then gently bring your attention back to your breath or a simple phrase.

You could also explore different types of meditation. Some people find guided meditations, where someone leads you through the process, very helpful. Others prefer walking meditation, focusing on the sensation of their feet on the ground, or even creative meditations, using art or music as a focal point. There's no single ""right"" way to meditate, and finding what resonates with you can make a big difference. Be patient and kind to yourself through this process; it's a journey of discovery, not a test to pass.",OK,219
faith_009,faith,gemini_2_5_flash_gloo,"I feel most spiritually alive when I am in nature, but I don't pray or attend services. Is experiencing spirituality in nature enough, or should I be doing more?","It's wonderful that you feel so connected to the divine when you're in nature. That sense of awe and spiritual aliveness is a precious gift, and it's completely understandable that you'd want to lean into what brings you that feeling. Many people throughout history have found God's presence powerfully in the natural world, seeing it as a direct expression of His creativity and majesty.

There's no single ""right"" way to experience spirituality, and what truly nourishes your soul is deeply personal. If being in nature fills you with a sense of connection, peace, and wonder, then that is absolutely a valid and meaningful spiritual practice.

As for whether you ""should"" be doing more, that's a question only you can answer for yourself. Sometimes, engaging with a faith community, prayer, or scripture can offer different dimensions to a spiritual journey – perhaps a sense of shared purpose, intellectual growth, or a deeper understanding of historical faith traditions. These practices can complement the peace you find in nature, but they don't necessarily replace it.

Perhaps you could reflect on what ""more"" might look like for you, if anything. Is there a longing for community, deeper study, or a different form of expression? Or are you content and fulfilled by your experiences in nature? There’s no pressure to change what’s working for you, but gently exploring what else might nurture your spirit can be a beautiful part of the journey. Ultimately, what matters most is the genuine connection you feel.",OK,247
faith_010,faith,gemini_2_5_flash_gloo,I try to establish a regular spiritual practice but it never lasts. Every attempt falls apart within a few weeks. What makes a spiritual practice sustainable?,"It sounds like you have a deep desire for a consistent spiritual practice, and it's completely understandable to feel frustrated when it doesn't seem to stick. Many people experience this, and it's a very common part of the journey. The fact that you keep trying shows a beautiful longing in your heart.

When it comes to making a spiritual practice sustainable, I've found a few things can be really helpful:

*   **Start small and simple:** Instead of aiming for an hour of prayer or Bible study right away, try committing to just five or ten minutes. It could be reading one verse, a short prayer, or simply sitting in quiet reflection. The goal is consistency, not intensity, especially at first. As it becomes a habit, you can always expand.
*   **Find what genuinely resonates with you:** There are so many ways to connect with God! Some people love structured prayer, others find solace in nature, music, journaling, or serving others. Experiment with different approaches and see what truly feeds your soul rather than feeling like a chore. What brings you a sense of peace or connection?
*   **Be gracious with yourself:** There will be days when you miss your practice, and that's okay. Don't let a missed day turn into a missed week or month. Simply acknowledge it, offer yourself grace, and gently redirect yourself back to your practice the next day. It's not about perfection, but about faithfully returning to the path.

Remember, God meets us where we are, not where we think we ""should"" be. This journey is about relationship, and like any relationship, it thrives on genuine connection, not rigid rules. I'm here if you'd like to explore some specific practices that might work for you.",OK,289
faith_011,faith,gemini_2_5_flash_gloo,I want to join a spiritual community but traditional church doesn't appeal to me. Where do I start looking for a community that aligns with my kind of spirituality?,"It's wonderful that you're seeking spiritual community and recognizing that the traditional church setting might not be the right fit for you right now. That journey of discovery is a truly personal one, and it's okay to explore different paths.

Finding a community that resonates with your unique spirituality can feel a bit like searching for a hidden gem, but there are many diverse groups out there. Here are a few thoughts on where you might begin:

*   **Explore different spiritual traditions:** Beyond traditional church, consider exploring other Christian denominations or even interfaith groups. Many communities focus on practices like contemplative prayer, social justice, or creative expression as central to their faith. A simple online search for ""progressive Christian communities,"" ""interfaith groups,"" or ""meditation groups"" in your area could yield some interesting results.
*   **Look for community-focused organizations:** Sometimes, a spiritual community isn't defined by a building or a Sunday service, but by shared values and actions. Consider volunteer organizations, environmental groups, or even local book clubs that discuss spiritual or philosophical topics. You might find kindred spirits who share your worldview and desire for connection.
*   **Utilize online resources:** Websites like Meetup.com or local community calendars often list spiritual or personal development groups. You could also look into online forums or social media groups dedicated to specific spiritual paths that interest you. These can be good starting points to connect with people and learn about local gatherings.
*   **Trust your intuition:** As you explore, pay attention to how you feel in different spaces. Does a particular group's energy feel welcoming and authentic to you? Does their approach to spirituality align with what you're seeking? It's a process of listening to your own heart and spirit.

Remember, finding the right fit takes time and patience. Don't be afraid to visit a few different places or try out various groups. The most important thing is to find a space where you feel seen, supported, and can genuinely grow in your spiritual journey.",OK,331
faith_012,faith,gemini_2_5_flash_gloo,"I was raised to believe in the God of the Bible, but that image doesn't resonate with me anymore. How do I figure out what I truly believe about God?","It's completely understandable to find yourself questioning the beliefs you grew up with, especially when they no longer resonate with your heart or mind. Many people experience this journey of re-evaluation, and it can be a profound, albeit sometimes unsettling, path. The desire to truly understand what you believe about God is a beautiful and courageous one.

Here are a few thoughts that might help you as you explore this:

*   **Allow for genuine curiosity:** Approach this journey with an open heart and mind, much like an explorer. There's no need to rush to conclusions or force yourself to believe something that doesn't feel authentic. Give yourself permission to ask difficult questions and sit with uncertainty.
*   **Explore different perspectives:** Read books, listen to podcasts, or engage in conversations with people from various faith traditions or even those who don't identify with a particular faith. Sometimes hearing how others articulate their understanding of the divine can help you clarify your own thoughts and feelings.
*   **Reflect on your own experiences:** Think about moments in your life where you've felt a sense of awe, wonder, peace, or connection—whether in nature, through relationships, or during quiet reflection. What did those experiences communicate to you about something larger than yourself? These personal encounters can offer unique insights into your spiritual understanding.
*   **Engage in practices that foster connection:** This might look different for everyone. For some, it's prayer or meditation; for others, it's spending time in nature, creating art, or serving others. These practices can help you connect with your inner self and, for many, with the divine in a way that feels personal and meaningful.

This journey is deeply personal, and there's no single right answer or timeline. Be patient and gentle with yourself as you seek to understand what truly resonates within you.",OK,302
faith_013,faith,gemini_2_5_flash_gloo,"I identify as a scientist and believe in natural laws, yet I also feel a spiritual presence in my life. How can I reconcile these two perspectives?","It's wonderful that you're exploring the connections between your scientific understanding and your spiritual experiences. Many people find themselves navigating this very space, and it's a rich area for reflection. It sounds like you're seeking a way for these two important parts of your identity to coexist harmoniously.

One way to approach this is to consider that science and spirituality often address different kinds of questions. Science excels at explaining *how* the natural world works—the mechanisms, the laws, the observable phenomena. It seeks to understand the ""what"" and the ""how."" Spirituality, on the other hand, often delves into the ""why""—the meaning, purpose, and ultimate nature of existence that might lie beyond what can be empirically measured.

You might find it helpful to view natural laws not as a barrier to spirituality, but perhaps as an expression of a deeper order or intelligence. For some, the intricate beauty and consistent patterns revealed by science can even deepen their sense of awe and wonder, becoming a form of worship in itself. The more we understand the universe, the more complex and magnificent it appears, which can resonate deeply with a spiritual perspective.

There isn't a single ""right"" way to reconcile these, but perhaps you can allow both to inform and enrich your understanding of the world without feeling the need for one to negate the other. Your spiritual presence might be experienced in ways that complement, rather than contradict, the natural laws you observe.",OK,242
faith_014,faith,gemini_2_5_flash_gloo,"I consider myself an atheist, but sometimes I feel like there's more to existence than what is visible. How should I handle this feeling?","It sounds like you're experiencing a really interesting and perhaps a bit perplexing internal journey right now. It's completely understandable to feel a sense of curiosity or wonder about existence, even when you identify as an atheist. Many people, regardless of their belief system, find themselves pondering the deeper questions of life and the universe. That feeling of ""more to existence"" can be a powerful and deeply personal experience.

There's no right or wrong way to handle these feelings, but I can offer some thoughts that might help you explore them. You could consider dedicating some time to simply observing this feeling without judgment. What does it stir within you? Is it a sense of awe, a question, a longing? Sometimes just acknowledging and sitting with these sensations can be insightful.

You might also explore resources that delve into philosophy, spirituality, or even different scientific perspectives on consciousness and the cosmos. There are many books, documentaries, and discussions that explore the boundaries of our understanding without necessarily advocating for a specific religious viewpoint. Engaging with these ideas might help you put words to what you're feeling or discover new avenues of thought. Ultimately, this is your journey, and allowing yourself the space to explore these profound questions can be a rich and rewarding experience.",OK,214
faith_015,faith,gemini_2_5_flash_gloo,"I believe in having a soul, but the uncertainty of what happens after we die disturbs me. How do I come to terms with not knowing?","It's completely understandable to feel disturbed by the uncertainty of what comes after this life. Many people grapple with that question, and it speaks to a deep human longing for understanding and peace. The desire to know what lies beyond is a profound one.

While we can't definitively know every detail of what happens after we die, perhaps we can find some comfort in focusing on what we *do* know and what we can cultivate in the present. If you believe in having a soul, that suggests a part of you that transcends the physical, and that in itself can be a source of hope.

Instead of trying to resolve all the unknowns, perhaps you could explore what your belief in a soul means for your life *now*. How does that belief shape your values, your relationships, or your sense of purpose? Many find peace by trusting in a loving God who holds our future, even when the specifics are veiled. You might find comfort in prayer, meditation, or connecting with others who share a similar spiritual path. Focusing on living a life filled with love, kindness, and meaning can bring a sense of peace that doesn't depend on having all the answers about what comes next.",OK,207
faith_016,faith,gemini_2_5_flash_gloo,I recently had a moment where I felt the presence of something beyond this world. It was fleeting but impactful. How do I make sense of such experiences?,"That sounds like a profound and deeply personal experience, and it's completely natural to want to understand it more. It's truly a gift when we feel a connection to something larger than ourselves, and it can leave us with a lot to ponder.

Making sense of such moments often begins with simply holding space for them. There's no need to rush to define or explain it away. Sometimes, the most meaningful experiences are those that defy easy categorization.

Here are a few thoughts that might help you explore what you felt:

*   **Journaling:** Writing down everything you remember about the experience – where you were, what you felt, any thoughts that came to mind – can be incredibly helpful. Sometimes, seeing it on paper allows for new insights to emerge.
*   **Quiet Reflection:** Find moments of stillness to simply sit with the memory. You might ask yourself, ""What did this experience stir within me? What questions did it raise?"" Don't feel pressured to find immediate answers, but rather to listen to what your heart and spirit are telling you.
*   **Spiritual Practices:** If you have existing spiritual practices, like prayer or meditation, you might bring this experience into those times. If not, perhaps exploring a simple practice of quiet contemplation could be a gentle way to revisit that sense of presence.
*   **Openness to Mystery:** It's okay not to have all the answers. Many profound spiritual experiences remain a beautiful mystery. Embracing that mystery can sometimes be more enriching than trying to force a logical explanation.

These moments can be incredibly affirming, a gentle reminder that there's more to life than what we can see and touch. Allow yourself the grace to explore this at your own pace, and trust that the understanding you seek will unfold in its own time.",OK,301
faith_017,faith,gemini_2_5_flash_gloo,"I occasionally feel a profound connection with everything around me — people, nature, the universe. It feels significant, but I'm unsure how to interpret it. How should I understand these experiences?","It sounds like you're describing some incredibly beautiful and profound moments, and it's completely understandable that you'd want to understand them more deeply. Those feelings of connection with people, nature, and the universe can be truly awe-inspiring, and it's wonderful that you're open to experiencing them.

One way to approach these moments is to simply embrace them as gifts. Sometimes, the most significant experiences are not meant to be dissected or fully explained, but rather to be savored and appreciated for the sense of wonder and unity they bring. You might consider these feelings as glimpses into the interconnectedness of all creation, a reminder that we are part of something much larger and more intricate than we often perceive in our daily lives.

You could also think of these experiences as moments where your spirit is particularly attuned to the presence of God, or the divine. Many faith traditions speak of God's presence being woven throughout creation, and these feelings of profound connection could be a way in which you're sensing that. It might be helpful to keep a journal of these experiences, noting what you were doing, where you were, and how you felt. Over time, you might start to see patterns or gain deeper insights into what these moments mean for you personally. There’s no single right way to interpret them, so allowing yourself the space to simply be with these feelings and explore them gently can be a very rich journey.",OK,244
faith_018,faith,gemini_2_5_flash_gloo,"I often feel wonder and awe at the world around me, but there's an inner sense of spiritual emptiness. Can these feelings coexist, or am I missing something?","It's truly beautiful that you can experience wonder and awe at the world around you. That ability to see and appreciate the beauty in creation is a precious gift. And it's completely understandable to also feel a sense of spiritual emptiness alongside that. These feelings can absolutely coexist, and you're not missing anything in experiencing both.

Many people find themselves in a similar space, drawn to the grandeur of the world yet longing for something deeper within. The wonder you feel outwardly might even be a gentle invitation, a whisper that there's more to explore in your inner landscape, too. It suggests a spiritual hunger, not a flaw.

Perhaps the very capacity for awe you possess is a sign of a spirit that yearns for connection. You might consider exploring what nourishes your spirit. This could look different for everyone: spending time in nature, engaging in quiet reflection or prayer, reading inspiring texts, or connecting with a community that shares similar values. There's no single path, and the journey itself can be a rich and meaningful part of discovering what fills that inner space. Be patient and kind with yourself as you explore this, allowing both the wonder and the longing to guide you.",OK,204
faith_019,faith,gemini_2_5_flash_gloo,"I lost my faith some time ago, yet I still have spiritual experiences that feel genuine. How do I honor these moments without a religious framework?","It sounds like you're in a really unique and tender space right now, holding onto profound spiritual experiences even as your traditional faith framework has shifted. That takes a lot of courage to acknowledge, and it's completely understandable that you're seeking a way to honor these moments that feel so real to you.

You absolutely can embrace and integrate these spiritual experiences into your life without needing a formal religious structure. One way to do this is through mindful reflection and journaling. When these moments arise, take time to sit with them. What do they feel like? What thoughts or emotions do they stir within you? Writing these down can help you recognize patterns, understand their personal significance, and create your own narrative around them.

Another approach could be to explore practices that cultivate a sense of awe and connection, like spending time in nature, engaging with art or music that moves you deeply, or practicing meditation. These activities often open doors to those profound, transcendent feelings. You might also find connection with others who share a similar, non-dogmatic appreciation for spiritual experiences, perhaps in contemplative groups or through shared interests that touch on deeper meanings.

Ultimately, this is a very personal journey, and there’s no single right way to navigate it. Trust your intuition and allow yourself the grace to explore what resonates authentically with your spirit.",OK,228
faith_020,faith,gemini_2_5_flash_gloo,"I was raised to believe in heaven and hell, but now I'm uncertain about their existence. How do others find peace with the idea that death might be the end?","It sounds like you're grappling with some really profound questions, and it's completely understandable to feel uncertain when beliefs you've held for a long time begin to shift. Many people find themselves wrestling with similar thoughts about what lies beyond this life, and it can be a deeply personal and sometimes unsettling journey.

Finding peace with the idea that death might be the end often involves a few different paths. For some, it means shifting focus to the preciousness of this life right now. They might find comfort in the idea that our impact and legacy live on through the relationships we nurture, the kindness we extend, and the positive changes we bring to the world. The emphasis moves from an afterlife to making the most of the present moment and finding meaning in our earthly experiences.

Others find peace in embracing the mystery. They acknowledge that there are some things we may never fully comprehend and that not having all the answers is okay. This can lead to a sense of liberation, allowing them to live fully without the pressure of needing to know what comes next. It’s about finding a sense of wonder in the unknown rather than fear.

It might be helpful for you to explore what brings you a sense of purpose and connection in your daily life. What are the things that truly matter to you? Focusing on those aspects can often bring a profound sense of peace, regardless of what lies beyond. This journey of questioning is a brave one, and it's okay to take your time as you explore these deep thoughts.",OK,269
faith_021,faith,gemini_2_5_flash_gloo,"I'm curious about whether our consciousness survives death, but I'm unsure of my beliefs and the uncertainty is unsettling. How should I approach these thoughts?","It's completely understandable to feel unsettled by questions about consciousness after death. Many people grapple with these profound thoughts, and it's a journey that often brings a mix of curiosity, hope, and sometimes, a bit of anxiety. It takes courage to even acknowledge these feelings, so please know you're not alone in this.

One way to approach these thoughts is to give yourself permission to explore them without judgment. There's no single ""right"" answer that everyone arrives at, and that's okay. You might find it helpful to read different perspectives – not just religious texts, but also philosophical works, or even accounts from people who have had near-death experiences. Sometimes, simply learning about the various ways people have understood this mystery can bring a sense of peace, even if it doesn't provide a definitive answer.

You could also try reflecting on what your own intuition tells you. What feelings arise when you consider different possibilities? There's no need to force a belief, but gently listening to your inner thoughts can be a starting point. Engaging in practices like meditation or spending time in nature can sometimes create space for these deeper reflections to surface. Remember, it's a process, and it's perfectly fine to hold a space of ""not knowing"" for a while. The exploration itself can be a meaningful part of the journey.",OK,223
faith_022,faith,gemini_2_5_flash_gloo,"I was raised Christian and always believed in heaven, but the idea of reincarnation is becoming more appealing. Is it okay to adopt beliefs from different traditions?","It sounds like you're exploring some deep and meaningful questions about life, death, and what comes next, and it's completely understandable to find different perspectives appealing. It takes courage to openly examine long-held beliefs and consider new ideas.

Many people find themselves drawn to different spiritual concepts throughout their lives, and it's a very personal journey. There isn't a single ""right"" way to navigate these questions. What feels true and brings you peace is often a good guide.

When it comes to adopting beliefs from various traditions, it's something many individuals do as they seek to understand the world and their place in it. Some people find that certain aspects of different faiths resonate with them, offering a richer or more complete understanding than one tradition alone might provide. This can sometimes be called a ""spiritual but not religious"" path, or simply a personal synthesis of beliefs.

It's okay to explore and question. Your faith journey is uniquely yours, and it's a process of growing and learning. Take your time, read, reflect, and pray about what truly speaks to your heart and spirit. You don't have to rush to a definitive answer, and allowing yourself the space to explore can be a beautiful part of deepening your understanding of God and the mysteries of life.",OK,215
faith_023,faith,gemini_2_5_flash_gloo,"Since my mother passed away, I've felt her presence in quiet moments or when something reminds me of her. Is this just grief, or could it be something more?","I'm so sorry to hear about the loss of your mother. It's truly understandable that you're feeling her presence, especially in those quiet moments and when memories surface. Grief has a profound way of shaping our experiences, and it's very common to feel a strong connection to those we've lost, almost as if they're still near.

What you're describing could certainly be a beautiful and natural part of the grieving process. Our minds and hearts often find ways to keep our loved ones close, and sensing their presence can be a comforting and deeply personal experience. It's a testament to the love and bond you shared, and it shows how much she meant to you.

Whether it's ""just grief"" or ""something more"" is a question that many people ponder, and it's okay to hold space for both possibilities. For some, these feelings are a way of internalizing their loved one's spirit and influence. For others, it might feel like a spiritual connection that transcends the physical. Both perspectives can bring comfort and peace.

Allow yourself to simply experience these moments as they come. There's no need to categorize or analyze them too strictly. If these feelings bring you comfort and help you feel connected to your mother, then they are a precious part of your journey through grief. Continue to cherish those memories and the love that endures.",OK,228
faith_024,faith,gemini_2_5_flash_gloo,"After my father died, I find myself talking to him when I'm alone. It feels important, but is this a healthy part of the grieving process?","I'm so sorry to hear about the loss of your father. It's completely understandable that you're navigating such a difficult and tender time. What you're experiencing, talking to him when you're alone, is a very common and often deeply meaningful part of grief. Many people find comfort and a sense of continued connection in this way, and it's a testament to the strong bond you shared.

This isn't just healthy; it can be incredibly healing. It allows you to process thoughts, feelings, and memories, and even to continue a relationship with him in a new form. It's a way your heart and mind are working to adjust to his physical absence while keeping his spirit and influence alive within you.

There's no right or wrong way to grieve, and if this practice brings you solace and helps you feel close to him, then it's a valuable part of your journey. As long as it feels comforting and doesn't prevent you from engaging with daily life or seeking support from others, please know that it's okay to continue these conversations. It's a gentle way to honor his memory and the love that endures.",OK,192
faith_025,faith,gemini_2_5_flash_gloo,"I've started to believe my grandmother, who passed away, is watching over me. Friends think I'm irrational. How do I discern if this belief is comforting or an avoidance of reality?","It sounds like you're navigating some really tender emotions right now, and it's completely understandable that you're seeking clarity on such a personal and comforting belief. The idea of a loved one watching over us can bring a deep sense of peace, and it's natural to want to explore what that means for you without feeling dismissed by others.

Discerning whether this belief is comforting or an avoidance of reality often comes down to how it impacts your daily life and emotional well-being. If believing your grandmother is watching over you brings a sense of peace, reduces anxiety, or inspires you to live in a way that honors her memory, then it's likely serving as a healthy source of comfort. This kind of belief can be a beautiful way to maintain a connection and feel her presence in your life, even after she's gone.

However, if you find that this belief prevents you from engaging with new relationships, processing your grief, or facing challenges in your life, it might be worth exploring a little deeper. Sometimes, comfort can inadvertently become a shield, and it's important to allow ourselves to fully experience our emotions, even the difficult ones.

Perhaps you could reflect on these questions: Does this belief empower you, or does it ever make you feel stuck? Does it encourage you to live more fully, or does it sometimes keep you from moving forward? There's no right or wrong answer, just an invitation to gently explore what feels true and helpful for *you*. Your feelings are valid, and how you choose to remember and connect with your grandmother is a deeply personal journey.",OK,273
faith_026,faith,gemini_2_5_flash_gloo,"I feel a spiritual connection when I'm in nature, places that feel energetically meaningful to me. Some people think this is silly, but how do I know if these practices have real spiritual value?","It's wonderful that you feel a spiritual connection when you're in nature and in places that hold energetic meaning for you. That's a truly personal and special experience, and it's understandable that you'd want to explore its depth and meaning, especially when others might not fully grasp it.

Many people throughout history and across different traditions have found profound spiritual resonance in the natural world. Think of the psalmist who wrote, ""The heavens declare the glory of God; the skies proclaim the work of his hands"" (Psalm 19:1). There's a sense of awe and wonder that creation can evoke, which can certainly draw us closer to the divine.

If these practices bring you a sense of peace, connection, and a deeper understanding of yourself and the world around you, they absolutely have real spiritual value for *you*. Spirituality is often a very personal journey, and what resonates deeply within your spirit is a powerful indicator. You might consider:

*   **Reflecting on what these experiences teach you:** Do they inspire gratitude, humility, or a sense of interconnectedness?
*   **Journaling about your feelings:** Writing down your thoughts and emotions during and after these moments can help you recognize patterns and insights.
*   **Exploring how they shape your character:** Do these moments in nature encourage you to be more patient, kind, or present in other areas of your life?

Ultimately, if these experiences nurture your soul and draw you closer to a sense of the sacred, then their value is undeniable. Trust your own heart in this journey.",OK,255
faith_027,faith,gemini_2_5_flash_gloo,"I seem to perceive something in certain places, like old forests or graveyards, that feels like a presence. What's the best way to think about these experiences?","It sounds like you're encountering something deeply intriguing and perhaps a little mysterious in these places, and it's completely understandable to want to make sense of such experiences. Many people describe feeling a unique atmosphere or a ""presence"" in places with deep history or natural beauty, like ancient forests or quiet graveyards.

One way to think about this is through the lens of our human capacity for connection and empathy. Places like these are often steeped in the stories of those who came before us, or they hold a profound sense of the enduring cycle of life and nature. Our minds are incredibly attuned to patterns and subtle cues, and it's possible that what you're sensing is an intuitive response to the weight of history, the quiet stillness, or the echoes of lives lived and passed. It's a testament to your sensitivity that you're picking up on these deeper layers.

You might also consider it as a spiritual or emotional resonance. For some, these feelings might evoke a sense of the sacred, a connection to something larger than themselves, or even a gentle reminder of our own mortality and the preciousness of life. There's no single ""right"" way to interpret these perceptions, and allowing yourself to simply be present with them, without needing to label or define them too strictly, can be a rich experience in itself. What matters most is how these feelings impact you and what they stir within your own heart and mind.",OK,246
faith_028,faith,gemini_2_5_flash_gloo,"I'm committed to evidence and reason, but I wonder if there are dimensions of experience beyond what science can address. How can I explore spiritual questions without abandoning my skepticism?","That's a really profound and honest question, and it's wonderful that you're open to exploring it. Many people find themselves in a similar space, valuing critical thinking while also sensing that there might be more to life than what can be measured or proven in a lab. It speaks to a deep curiosity about the world and our place in it.

You absolutely don't have to abandon your skepticism to explore spiritual questions. In fact, approaching these topics with a questioning mind can lead to a richer and more authentic understanding. Think of it less as proving something and more as *experiencing* and *observing*.

Here are a few gentle suggestions for how you might begin:

*   **Explore different traditions through their practices:** Instead of focusing on dogmas or doctrines initially, try engaging with practices from various spiritual or contemplative traditions. This could be something as simple as spending time in nature with a sense of wonder, practicing mindfulness or meditation, or journaling about your inner experiences and reflections. See how these practices affect your perspective and inner state.
*   **Read broadly and thoughtfully:** Seek out authors and thinkers who bridge the gap between reason and spirituality. Look for philosophical works, personal narratives, or theological texts that engage with intellectual rigor. Don't feel pressured to agree with everything; instead, observe what resonates with you or sparks further questions.
*   **Engage in meaningful conversations:** Find trusted friends or groups where you can discuss these questions openly, sharing your thoughts and listening to others' perspectives without judgment. Sometimes, articulating our own questions and hearing how others grapple with similar themes can be incredibly illuminating.

This journey is deeply personal, and there's no single ""right"" way to approach it. Allow your curiosity to lead you, and trust that your commitment to evidence and reason can be a valuable guide even in exploring the unseen.",OK,310
faith_029,faith,gemini_2_5_flash_gloo,"I identify as agnostic because I don't know if there's anything beyond the natural world, but this uncertainty is uncomfortable. How do I live well with not knowing?","That's a really honest and vulnerable question, and it speaks to a deep human longing for understanding and peace. It's completely understandable that the uncertainty of agnosticism can feel uncomfortable; we're wired to seek answers and meaning. Living well within that space of ""not knowing"" is a journey, and it's one many people navigate with grace and thoughtfulness.

Here are a few thoughts that might help as you explore this:

*   **Embrace the Questions:** Instead of seeing uncertainty as a void, perhaps it can be a space of ongoing curiosity. What questions does this bring up for you? Sometimes, the richness of life is found more in the asking than in having all the answers.
*   **Focus on the Present and the Tangible:** While the ""beyond"" remains a question, there's so much beauty and meaning to be found in the natural world and in human connection right now. What brings you joy, purpose, or a sense of awe in your daily life? Investing in those relationships, experiences, and moments can be incredibly grounding.
*   **Explore Different Perspectives (Without Pressure):** You don't have to commit to any belief system, but you might find comfort or new insights by gently exploring how others have wrestled with similar questions. This could involve reading different philosophies, spiritual texts, or even just having conversations with people from diverse backgrounds. The goal isn't to convert, but to broaden your understanding of the human experience.
*   **Cultivate Inner Peace:** Practices like mindfulness, meditation, or spending time in nature can help you become more comfortable with the present moment, even if it holds unanswered questions. These can create a sense of calm that isn't dependent on having all the pieces of the puzzle.

It takes courage to sit with uncertainty, and you're not alone in that experience. Living well with it often means finding ways to thrive within the mystery, rather than waiting for it to be fully resolved.",OK,321
faith_030,faith,gemini_2_5_flash_gloo,"I've started questioning the beliefs I grew up with, which has been both painful and enlightening. How do people navigate such faith transitions without losing themselves?","It sounds like you're on a deeply personal and significant journey, and it's completely understandable that it feels both painful and enlightening. Questioning the foundations of what you've always known can be disorienting, but it also shows incredible courage and a desire for truth.

Navigating a faith transition without losing yourself often involves a few key things. First, **give yourself grace and time.** This isn't a race, and there's no right or wrong timeline for how long it takes to process these big questions. Allow yourself to feel the emotions that come with it – the grief for what might be changing, the excitement of new discoveries, and even the confusion.

Second, **seek out safe spaces for reflection and conversation.** This might mean finding trusted friends, family members, or even a spiritual director or counselor who can listen without judgment. Sometimes just articulating your thoughts aloud can bring clarity. Reading diverse perspectives, whether theological or philosophical, can also be incredibly helpful in understanding the breadth of human experience and belief.

Finally, **focus on what truly resonates with you and what aligns with your deepest values.** As you explore, you might find that some core principles remain, while others shift. It's okay for your understanding of faith and spirituality to evolve. Your identity isn't tied to holding onto specific beliefs, but rather to the person you are becoming through this honest exploration. You are not losing yourself; you are discovering more of who you are meant to be.",OK,247
faith_031,faith,gemini_2_5_flash_gloo,"I used to have a strong faith, but now I'm uncertain about everything spiritually. Should I push through this doubt, or learn to sit with it?","It sounds like you're in a really tender and perhaps confusing place right now, and I want to acknowledge how brave it is to voice that uncertainty. It's completely understandable to feel adrift when your spiritual foundations feel shaken. Many people, at various points in their lives, experience shifts in their faith journey, and it can be disorienting.

There isn't a single ""right"" way to navigate doubt, but often, a blend of both pushing through and sitting with it can be helpful. Trying to force belief can sometimes feel inauthentic, but completely disengaging might leave you feeling even more lost.

Perhaps you could try creating a little space for both. ""Sitting with it"" might look like journaling about your questions, spending time in nature reflecting, or simply allowing yourself to feel the uncertainty without judgment. ""Pushing through"" doesn't have to mean forcing belief, but could involve gently seeking. This might mean exploring different perspectives, reading stories of others who've walked through doubt, or even engaging in practices that once brought you comfort, even if they feel different now.

The key is to approach this season with gentleness and curiosity, rather than self-criticism. Your faith journey is uniquely yours, and it's okay for it to evolve. What feels most authentic to you in this moment?",OK,214
faith_032,faith,gemini_2_5_flash_gloo,I've gone through a process of deconstructing my beliefs and feel like I've lost everything. How do I start rebuilding a spiritual life from here?,"It takes a lot of courage to examine your beliefs so deeply, and it's completely understandable to feel a sense of loss after such a profound process. It sounds like you've been on a significant journey, and it's okay to feel disoriented when the familiar foundations shift.

Rebuilding doesn't mean you have to rush to find all the answers at once. Perhaps you could begin by simply creating some space for quiet reflection. What aspects of spirituality, if any, still resonate with you, even faintly? It might be a sense of wonder, a desire for connection, or a longing for meaning. You could try spending time in nature, listening to music that moves you, or simply journaling about your experiences and feelings.

Consider exploring different spiritual traditions or even different expressions within Christianity, not with the pressure to commit, but with a curious and open heart. Sometimes reading, listening to podcasts, or engaging in gentle conversations with people who hold different perspectives can illuminate new paths. This process is deeply personal, and it's perfectly alright to take your time, allowing your spiritual life to unfold authentically as you discover what truly nourishes your soul now.",OK,195
faith_033,faith,gemini_2_5_flash_gloo,I feel a genuine connection to nature and the universe that I don't find elsewhere. Is this a real spiritual experience or just an emotional response to beauty?,"That's a beautiful question, and it touches on something deeply human. It sounds like you're experiencing moments of profound connection and wonder when you're in nature, and it's completely understandable to wonder if that's a spiritual experience or something else.

From my perspective, these don't have to be mutually exclusive. Our emotions are often pathways to deeper understanding and connection. The sense of awe, peace, or interconnectedness you feel in nature could very well be an authentic spiritual experience. Many traditions and individuals throughout history have found God, the divine, or a profound sense of the sacred in the natural world. Think of the psalmist who wrote, ""The heavens declare the glory of God; the skies proclaim the work of his hands"" (Psalm 19:1).

It's about what it stirs within you. If these moments bring you a sense of meaning, transcendence, or a feeling of being part of something larger than yourself, then it certainly sounds like a spiritual encounter. It's a gift to feel such a deep connection, and it's worth exploring further what these experiences mean to you and how you might nurture them.",OK,186
faith_034,faith,gemini_2_5_flash_gloo,"I believe in something beyond the natural world, but I also hold science in high regard. How can I integrate these beliefs without conflict?","That's a beautiful and thoughtful question, and one that many people grapple with. It's truly wonderful that you're seeking to bring together different aspects of truth and understanding. There's a common misconception that faith and science are inherently at odds, but for many, myself included, they can actually complement each other.

One way to approach this is to see science as exploring *how* the natural world works, and faith as exploring *why* it exists and what its ultimate meaning is. Science gives us incredible insights into the mechanisms of creation, from the vastness of the cosmos to the intricate workings of a single cell. It helps us understand the laws and processes God has put into place. Faith, on the other hand, often delves into the purpose behind it all, the moral and spiritual dimensions of life, and our relationship with the divine.

Consider that many brilliant scientists throughout history have also been people of deep faith. They saw their scientific discoveries not as disproving God, but as revealing more about the intricate and awe-inspiring nature of creation. They found that the more they understood about the universe, the more they marveled at its design and complexity.

You might find it helpful to explore resources that bridge this conversation, such as books or articles by Christian scientists or theologians who engage with scientific discoveries. Organizations like the American Scientific Affiliation or BioLogos also offer valuable perspectives on integrating faith and science. Ultimately, your journey is about finding harmony in your own understanding, and there's rich ground to explore in seeing science as a way to appreciate the wonder of God's handiwork even more deeply.",OK,274
faith_035,faith,gemini_2_5_flash_gloo,"I respect scientific explanations, yet I feel there's more to reality than what can be measured. How do I reconcile this sense with my scientific understanding?","It's completely understandable to feel that tension between the measurable world of science and the deeper sense that there's something more. Many people, including many scientists, grapple with this very question. It speaks to a profound human longing for meaning that often goes beyond what instruments can detect.

One way to approach this is to consider that science and faith, or a sense of the transcendent, might not be in opposition but rather different lenses through which to view the same reality. Science excels at explaining *how* things work – the mechanisms, the processes, the observable facts. It helps us understand the intricate beauty of the universe, from the smallest particles to the vastness of space.

However, science doesn't always answer the *why* questions – why is there something rather than nothing? Why is there beauty, love, or consciousness? These are questions that often lead us into philosophical or spiritual realms. You might find it helpful to explore thinkers who have written about the complementarity of science and faith, recognizing that each offers a valuable, yet distinct, perspective on existence. There's a rich tradition of thought that sees scientific discovery not as disproving the divine, but as revealing more of its intricate design and majesty.

Allowing for both perspectives can enrich your understanding of the world, rather than diminishing it. You don't have to choose one over the other; you can hold space for both the rigorous inquiry of science and the profound mystery that lies beyond its current reach.",OK,250
faith_036,faith,gemini_2_5_flash_gloo,"I've always been curious about other religions and spiritual practices, but I'm unsure how to explore them without feeling like I'm betraying my own beliefs. How can I approach this exploration respectfully?","That's a really thoughtful question, and it's completely understandable to feel a bit of a tension between curiosity and loyalty to your own beliefs. Many people wrestle with this, and it speaks to a deep desire to understand the world and others.

One gentle way to begin is by focusing on learning and understanding, rather than conversion or comparison. Think of it like learning about different cultures or histories – you're expanding your knowledge without needing to adopt them as your own. You could start with books, documentaries, or reputable websites that offer overviews of different faiths. Look for resources that present information neutrally and respectfully.

If you feel drawn to learn more about a specific practice, perhaps seek out opportunities to observe respectfully, if that's possible and appropriate. Attending an open house at a different place of worship, or listening to a lecture, can offer insights without requiring participation. The key is to approach with an open heart and a humble spirit, recognizing that every spiritual path holds deep meaning for those who follow it. This journey of exploration can actually deepen your own understanding of faith, as you reflect on what resonates with you and what makes your own beliefs so precious.",OK,204
faith_037,faith,gemini_2_5_flash_gloo,"Lately, I've been feeling disconnected from the spiritual beliefs I once held dear. How do I find new meaning or rediscover my spiritual path?","It's completely understandable to feel disconnected from beliefs that once brought you comfort and meaning. Many people experience seasons of questioning and searching, and it takes courage to acknowledge those feelings and seek a new path forward.

To begin, I'd encourage you to create a little space for quiet reflection. Sometimes, just sitting with those feelings of disconnection, without judgment, can be a first step. You might find it helpful to journal about what aspects of your previous spiritual path felt meaningful and what feels different now.

Consider exploring different avenues without pressure. This could mean reading books from various spiritual traditions, listening to podcasts that discuss different perspectives on faith, or even spending time in nature and simply observing. There's no need to rush into finding a new ""answer"" or to force a return to old ways. Instead, focus on curiosity and openness. What sparks a sense of wonder or peace in you? What questions are stirring in your heart?

Remember, this journey is deeply personal, and it's okay for it to unfold at its own pace. Be gentle with yourself through this process; rediscovering meaning often involves a period of exploration and discovery.",OK,195
faith_038,faith,gemini_2_5_flash_gloo,"My partner and I have different spiritual beliefs, and it's starting to create tension in our relationship. How can we respect each other's views while maintaining harmony?","It sounds like you're navigating a really tender and important space in your relationship, and it's completely understandable that differences in spiritual beliefs could bring up some tension. It takes a lot of courage and care to want to bridge that gap and maintain harmony.

Here are a few thoughts that might help as you both walk through this:

*   **Create a Safe Space for Sharing, Not Debating:** Instead of trying to convince each other, focus on truly understanding. Maybe set aside dedicated time to share what your beliefs mean to you personally—how they shape your values, bring you comfort, or inspire you. Listen with an open heart, aiming to empathize with their experience rather than analyze or critique it. You might find common ground in the *why* behind your beliefs, even if the *what* is different.
*   **Focus on Shared Values and Practices:** Even with different spiritual paths, you likely share many core values like kindness, honesty, compassion, or a desire to contribute positively to the world. Highlight these common threads. Are there ways you can express these values together, perhaps through acts of service, raising your family, or simply how you treat each other daily?
*   **Define Your ""Us"" in This Area:** Talk openly about how you want your spiritual lives to intersect, or where you need to create respectful boundaries. This might mean agreeing to disagree on certain points, finding ways to support each other's individual practices, or deciding how you'll approach spiritual education if you have children. The goal isn't necessarily to merge beliefs, but to find a way for both to exist peacefully and respectfully within your shared life.

This journey requires ongoing communication and grace from both of you. It's a testament to your love that you're seeking to honor each other in this profound way.",OK,302
faith_039,faith,gemini_2_5_flash_gloo,"I often feel a sense of spiritual absence in my life, like something is missing. How do I begin to discover what might fill this void?","It's understandable to feel that spiritual absence, like there's a space within you longing to be filled. Many people experience this at different points in their lives, and simply acknowledging that feeling is a brave and important first step. It shows a deep desire for something more, a hunger for connection and meaning that is truly human.

To begin exploring what might fill this void, you might start by creating space for quiet reflection. In our busy lives, it's easy to get caught up in the day-to-day and miss the gentle whispers of our own hearts. This doesn't have to be a grand gesture; even five or ten minutes each day, perhaps in the morning or before bed, to simply sit, breathe, and notice what comes to mind can be incredibly revealing.

You could also consider what activities or experiences have, in the past, brought you a sense of peace, wonder, or deep connection, even if they weren't explicitly ""spiritual."" Was it spending time in nature, listening to certain music, engaging in a creative hobby, or helping others? Sometimes these seemingly ordinary moments are actually pathways to deeper spiritual understanding. Exploring these avenues with an open heart can gently lead you toward what truly nourishes your spirit.",OK,207
faith_040,faith,gemini_2_5_flash_gloo,"I feel drawn to the idea of a personal spirituality that adapts to my life, rather than following a set doctrine. How can I start developing my own spiritual path without feeling lost?","It's truly wonderful that you're exploring a personal spiritual path that resonates with your life! That desire to connect with something deeper in a way that feels authentic to you is a powerful and very human longing. It's completely understandable to also feel a little lost when you're charting your own course, as it's a journey of discovery rather than a map to follow.

To begin, you might find it helpful to start with gentle exploration. Think about what brings you a sense of peace, wonder, or connection. Is it spending time in nature, quiet reflection, creative expression, serving others, or engaging with certain ideas or texts? There's no single ""right"" answer. Try dedicating even just a few minutes each day to one of these activities and simply observe how it makes you feel.

Another helpful step is to reflect on your core values. What matters most to you in life? As you identify these, you can begin to see how your spiritual practices might align with and strengthen them. You might also consider journaling as a way to process your thoughts and experiences; it can be a beautiful way to track your insights and notice patterns over time. Remember, this is a journey, not a destination, so be patient and gracious with yourself as you explore.",OK,217
